Topic,Count,Name,Representation,Representative_Docs
0,878,0_life_love_woman_family,"['life', 'love', 'woman', 'family', 'new', 'husband', 'man', 'one', 'find', 'mother']","['new york time bestselling classic young woman journey work love life swinging funny tender study contemporary relationship bank refutes popular notion neurotic thirtysomething weekly truly wickedly insightful girl guide hunting fishing map progress jane rosenal set personal spirited expedition perilous terrain sex love relationship treacherous water workplace soon jane swept foot older man fitzgeraldesque whirl cocktail party country house rule made broken come realize world stake much high comfort unforgettable comic touch bank skillfully tease universal issue put clever new spin mating dance capture perfect pitch like come age young woman', 'new york time bestselling classic young woman journey work love life swinging funny tender study contemporary relationship bank refutes popular notion neurotic thirtysomething weekly truly wickedly insightful girl guide hunting fishing map progress jane rosenal set personal spirited expedition perilous terrain sex love relationship treacherous water workplace soon jane swept foot older man fitzgeraldesque whirl cocktail party country house rule made broken come realize world stake much high comfort unforgettable comic touch bank skillfully tease universal issue put clever new spin mating dance capture perfect pitch like come age young woman', 'new york time bestselling classic young woman journey work love life swinging funny tender study contemporary relationship bank refutes popular notion neurotic thirtysomething weekly truly wickedly insightful girl guide hunting fishing map progress jane rosenal set personal spirited expedition perilous terrain sex love relationship treacherous water workplace soon jane swept foot older man fitzgeraldesque whirl cocktail party country house rule made broken come realize world stake much high comfort unforgettable comic touch bank skillfully tease universal issue put clever new spin mating dance capture perfect pitch like come age young woman']"
1,618,1_murder_case_killer_detective,"['murder', 'case', 'killer', 'detective', 'crime', 'one', 'find', 'police', 'new', 'attorney']","['new york time bestselling author perri take courtroom thriller breathtaking new height move strike masterpiece suspense brings back attorney nina reilly hailed critic one interesting heroine legal thriller today san jose mercury news nina reilly thought seen attorney single mother nina afraid tackle toughest case trickiest defense wholly unprepared latest nicole zack rebel thief best friend nina teenage son bob nikki steal something uncle prominent plastic surgeon kill cold blood find nina call paul van wagoner whose bravado conceals troubling personal secret paul investigates eerily coincidental death surgeon killed plane crash night father sort twisting lie surrounding nikki uncovering seething mystery enraged former patient two old crime finally nina must confront central question must answer order save client nikki really see night uncle murder', 'moment every attorney fear one careless moment threatens career reputation life nina reilly change ignite case client witness defendant nina attorney championing desperate people nina reilly skirted edge legal ethic pursuit result never broken rule absolute protection client secret one september night lake tahoe unlocked truck stolen life change forever gone sensitive case file complete sometimes brutally candid note took interviewing client every attorney nightmare worst happened secret revealed one one way cause greatest harm nina client complain state bar california suddenly nina fighting license livelihood legal proceeding may ultimately lead disbarment desperation nina turn celebrated san francisco lawyer jack mcintyre represent personal tension erupt mcintyre nina sometime boyfriend private investigator paul van wagoner reputation ruined people begin die chilling pattern rage revenge come focus someone bent destroying life nina client process nina reilly', 'twelve year ago young girl disappeared filmmaker made movie girl parent call invasion privacy woman lawyer call murder bloodstain courtroom floor belong attorney nina reilly month earlier shot heated murder trial died day instead nina returned lake tahoe court concession lingering fear give criminal law figure invasion privacy lawsuit nice safe civil action help support young son pay bill law office figure wrong nina client terry london filmmaker whose documentary missing girl raising disturbing question girl distraught parent believe film invades privacy terry brutal murder change everything breaking promise nina decides defend terry accused murderer man known year hoped never see suddenly secret nina past beginning surface murder case get dangerous every day evidence client shocking ironclad video terry dying word chance nina save man may illegal fails nina may lose case practice even life']"
2,402,2_vampire_novel_new_series,"['vampire', 'novel', 'new', 'series', 'author', 'time', 'rice', 'magic', 'one', 'story']","['anne rice richly told new novel first time weave together two irresistible world witch world vampire world dance seduction death rebirth lestat mesmerizing friend louis de pointe du lac tortured memory child vampire claudia loved lost help david talbot vampire ultimate fixer secret talamasca organization louis appeal merrick beautiful illegitimate daughter new orleans mayfair clan merrick must use black witchcraft call ghost claudia however dangerous may search take close edge blood terror voodoo violence sweeping new orleans guatemalan jungle vampire literature hypnotic exotic splendid', 'national bestseller vampire chronicle continue great vampire marius return marius true child millennium mentor vampire lestat always forever conscientious foe evil doer reveals intense yet mate voice secret existence proud senator imperial rome kidnapped made blood god druid marius becomes embittered protector akasha enkil queen king vampire core supernatural race resides follow heartbreaking abandonment vampire pandora see fall pagan rome emperor constantine horrific sack eternal city hand visigoth bravely marius seek new civilization midst glittering constantinople meet blood drinker eudoxia see ultimately returning beloved italy horror black death restored beauty renaissance see become painter living dangerously yet happily among mortal giving heart great botticelli bewitching courtesan bianca mysterious young apprentice armand moving rome florence venice dresden english castle secret scholarly order talamasca novel reach dramatic finale time deep jungle marius told life story seek measure justice oldest vampire world', 'anne rice creator vampire lestat mayfair witch amazing world inhabit give u first new series novel linked together fledgling vampire david talbot set become chronicler fellow undead novel open paris crowded café david meet pandora two thousand year old child millennium first vampire ever made great marius david persuades tell story life pandora begin reluctantly first increasing passion recount mesmerizing tale take u age imperial rome france paris new orleans carry u back mortal girlhood world caesar augustus world chronicled ovid petronius pandora meet fall love handsome charismatic lighthearted marius rome forced flee fear assassination conspirator plotting take city follow exotic port antioch destined reunited marius immortal haunted vampire nature bestow dark gift set fraught fantastic adventure two turbulent century together look anne rice new book prince lestat realm atlantis coming november 29 2016']"
3,306,3_life_spiritual_book_woman,"['life', 'spiritual', 'book', 'woman', 'story', 'world', 'one', 'author', 'human', 'chinese']","['never read book like book come along lifetime change life forever rain forest peru ancient manuscript discovered within page 9 key insight life insight human predicted grasp sequentially one insight another move toward completely spiritual culture earth drawing ancient wisdom tell make connection among event happening life right let see going happen year come story tell gripping one adventure discovery also guidebook power crystallize perception life direct step new energy optimisim head tomorrow', '1 bestselling international phenomenon new preface never read book like book come along lifetime change life forever rain forest peru ancient manuscript discovered within page 9 key insight life insight human predicted grasp sequentially one insight another move toward completely spiritual culture earth drawing ancient wisdom tell make connection among event happening life right let see going happen year come story tell gripping one adventure discovery also guidebook power crystallize perception life direct step new energy optimism head tomorrow praise celestine prophecy gripping adventure story filled intrigue suspense spiritual revelation commonwealth journal spiritual classic book read reread cherish give friend joan borysenko phd author fire soul inimitable style great storytelling redfield open u world insight inspiration synchronicity power deepak chopra', 'guide developing maintaining spiritual life job drawn teaching practice buddhist tradition people associate buddhism developing calmness kindness compassion meditation lewis richmond work spiritual practice show u another aspect buddhism active engaged side allows u find creativity inspiration accomplishment work life forty spiritual exercise practiced middle busy workday work spiritual practice based principle regardless rank title work always chief executive inner life drawn author diverse professional buddhist meditation teacher business executive musician spiritual practice address wide variety problem learn perform spiritual practice commuting work meditate sitting walking minute time understand ambition money power spiritual perspective work spiritual practice essential guide anyone want bring spiritual life work life together']"
4,200,4_earth_ender_space_human,"['earth', 'ender', 'space', 'human', 'world', 'planet', 'universe', 'alien', 'ayla', 'shadow']","['sequel new york time bestselling ender shadow bestselling author orson scott card brings life new chapter saga ender earth shadow series earth society changed irrevocably aftermath ender wiggin victory formics unity enforced upon warring nation alien enemy shattered nation rising seeking territory influence seeking control skill loyalty child battle school one person better idea peter wiggin ender older ruthless brother see hope future earth lie restoring sense unity purpose irresistible call loyalty earth young warrior bean side two reshape future shadow puppet continuing story bean petra rest ender dragon army take place new government earth', 'bestselling author orson scott card brings life new chapter saga ender earth shadow series earth society changed irrevocably aftermath ender wiggin victory formics unity forced upon warring nation alien enemy shattered nation rising seeking territory influence seeking control skill loyalty child battle school one person better idea peter wiggin ender older ruthless brother see hope future earth lie restoring sense unity purpose irresistible call loyalty earth young warrior bean side two reshape future shadow puppet continuing story bean petra rest ender dragon army take place new government earth ender universe ender series ender game speaker dead xenocide child mind ender exile child fleet ender shadow series ender shadow shadow hegemon shadow puppet shadow giant shadow flight first formic war aaron johnston earth unaware earth afire earth awakens second formic war aaron johnston swarm hive ender novella war gift first meeting', 'novel launched bestselling ender shadow series human race war bugger alien race earth prepares defend total destruction hand inscrutable enemy focus development military genius fight war win long distance interstellar space given hope defender earth time train future commander childhood forging irresistible force high orbital facility called battle school andrew ender wiggin child battle school best best ender shadow card tell story another precocious general one called bean one became ender right hand part team final battle bugger bean past battle survive success brought attention battle school recruiter people scouring planet leader tactician general save earth threat alien invasion bean sent orbit battle school met ender ender universe ender series ender game ender exile speaker dead xenocide child mind ender shadow series ender shadow shadow hegemon shadow puppet shadow giant shadow flight child fleet first formic war aaron johnston earth unaware earth afire earth awakens second formic war aaron johnston swarm hive ender novella war gift meeting']"
5,245,5_time_book_calvin_new,"['time', 'book', 'calvin', 'new', 'comic', 'world', 'hilarious', 'york', 'hobbes', 'dilbert']","['creator dilbert comic strip america syndicated 900 newspaper read 60 million people present hilariously biting compilation cartoon expose absurdity corporate management dilbert sweeping nation san francisco chronicle dubbed cartoon hero workplace saying strip finger pulse workplace online one hottest web site internet million copy dilbert cartoon book sold latest cartoon compilation dilbert canine sidekick machiavellian dogbert present breakthrough management manual help boss stick employee often new manager make mistake like rewarding good work good pay communicating clearly improving departmental efficiency dogbert show could devastating result employee begin expect fair treatment compensation productive worker show result making manager look bad comparison department future budget allotment could decreased spends need drawn year experience tormenting dilbert advising bos dogbert top secret management handbook us pithy essay whose point illustrated hundred comic strip drive home lost cause employee workplace perfect gift boss office worker everywhere', 'creator dilbert comic strip nation syndicated nearly 1000 newspaper take look corporate america glorious lunacy lavishly illustrated dilbert strip hilarious essay incompetent boss management fad bewildering technological change much make anyone ever worked office laugh loud recognition dilbert principle ineffective worker systematically moved place least damage management since 1989 scott adam illustrating principle day lampooning corporate world dilbert enormously popular comic strip dilbert hero strip adam given voice million american buffeted many adversity workplace take next step attacking corporate culture lighthearted series essay packed 100 hilarious cartoon 25 chapter explore zeitgeist management trend overbearing ego management incompetence bottomless bureaucracy petrifying performance review meeting confusion information superhighway sharp eye even sharper wit adam expose skewer bizarre absurdity everyday corporate life reader convinced must spying boss dilbert principle ring true', 'creator dilbert comic strip nation syndicated nearly 1000 newspaper take look corporate america glorious lunacy lavishly illustrated dilbert strip hilarious essay incompetent boss management fad bewildering technological change much make anyone ever worked office laugh loud recognition dilbert principle ineffective worker systematically moved place least damage management since 1989 scott adam illustrating principle day lampooning corporate world dilbert enormously popular comic strip dilbert hero strip adam given voice million american buffeted many adversity workplace take next step attacking corporate culture lighthearted series essay packed 100 hilarious cartoon 25 chapter explore zeitgeist management trend overbearing ego management incompetence bottomless bureaucracy petrifying performance review meeting confusion information superhighway sharp eye even sharper wit adam expose skewer bizarre absurdity everyday corporate life reader convinced must spying boss dilbert principle ring true']"
6,212,6_medical_ryan_agent_cia,"['medical', 'ryan', 'agent', 'cia', 'thriller', 'jack', 'new', 'president', 'clancy', 'world']","['miss original series tom clancy jack ryan starring john krasinski president jack ryan face world crisis unlike ever known tom clancy extraordinary 1 new york time bestseller assassination attempt russia newly elected ryan sending trusted eye antiterrorism specialist john moscow fear worst yet come right attempt left already unstable russia vulnerable ambitious force china eager fulfill change face world know', 'miss original series tom clancy jack ryan starring john krasinski president jack ryan face world crisis unlike ever known tom clancy extraordinary 1 new york time bestseller assassination attempt russia newly elected ryan sending trusted eye antiterrorism specialist john moscow fear worst yet come right attempt left already unstable russia vulnerable ambitious force china eager fulfill change face world know', 'miss original series tom clancy jack ryan starring john krasinski 1 new york time bestselling jack ryan novel harrowing keep riveted political intrigue military maneuvering sends rushing headlong book stunning today bestselling author tom clancy take bold incisive look nation leader calling new world time place world peace yesterday enemy tomorrow ally player jack ryan new president national security advisor cia colleague john clark domingo chavez crisis shocking chain event wage peace fully war debt honor trace financial political military personal machination drive america next major global weekly']"
7,311,7_novel_book_series_fantasy,"['novel', 'book', 'series', 'fantasy', 'first', 'published', 'trilogy', 'time', 'science', 'world']","['modern fantasy classic entertainment weekly named greatest novel newsweek hailed top 100 book philip pullman take reader world human animal familiar parallel universe within reach lyra rushing cold far north witch clan armored bear rule north gobbler take child steal including friend roger north fearsome uncle asriel trying build bridge parallel world one small girl make difference great terrible endeavor lyra savage schemer liar fierce true champion roger asriel could want lyra know help one betray masterwork storytelling suspense philip pullman golden compass first dark material series continues subtle knife amber spyglass 1 new york time bestseller winner guardian prize child fiction published 40 country arguably best juvenile fantasy novel past twenty year washington post grand indeed new york time pullman quite possibly genius miss philip pullman epic new trilogy set world dark material book dust la belle sauvage secret commonwealth', 'modern fantasy classic entertainment weekly named greatest novel newsweek hailed top 100 book philip pullman take reader world human animal familiar parallel universe within reach lyra rushing cold far north witch clan armored bear rule north gobbler take child steal including friend roger north fearsome uncle asriel trying build bridge parallel world one small girl make difference great terrible endeavor lyra savage schemer liar fierce true champion roger asriel could want lyra know help one betray masterwork storytelling suspense philip pullman golden compass first dark material series continues subtle knife amber spyglass 1 new york time bestseller winner guardian prize child fiction published 40 country arguably best juvenile fantasy novel past twenty year washington post grand indeed new york time pullman quite possibly genius miss philip pullman epic new trilogy set world dark material book dust la belle sauvage secret commonwealth', 'modern fantasy classic entertainment weekly named greatest novel newsweek hailed top 100 book philip pullman take reader world human animal familiar parallel universe within reach lyra rushing cold far north witch clan armored bear rule north gobbler take child steal including friend roger north fearsome uncle asriel trying build bridge parallel world one small girl make difference great terrible endeavor lyra savage schemer liar fierce true champion roger asriel could want lyra know help one betray masterwork storytelling suspense philip pullman golden compass first dark material series continues subtle knife amber spyglass 1 new york time bestseller winner guardian prize child fiction published 40 country arguably best juvenile fantasy novel past twenty year washington post grand indeed new york time pullman quite possibly genius miss philip pullman epic new trilogy set world dark material book dust la belle sauvage secret commonwealth']"
8,129,8_ship_republic_jedi_han,"['ship', 'republic', 'jedi', 'han', 'narnia', 'luke', 'sea', 'pitt', 'war', 'leia']","['year battle endor new republic face even darker enemy two decade hero rebel alliance destroyed death star broke power emperor new republic struggled maintain peace prosperity among people galaxy unrest begun spread threatens destroy republic tenuous reign volatile atmosphere come nom anor charismatic firebrand heat passion boiling point sowing seed dissent dark motif jedi republic focus internal struggle new threat surface beyond farthest reach outer enemy bearing weapon technology unlike anything new republic scientist ever seen suddenly luke skywalker wife mara han solo leia organon solo solo thrust battle defend freedom many fought died time power force may enough', '1 new york time bestseller essential star war legend first ever take place event original admiral thrawn make debut galactic stage five year ago rebel alliance destroyed death star defeated darth vader emperor drove remnant old imperial starfleet distant corner galaxy princess leia han solo married expecting twin luke skywalker become first line jedi knight thousand away last emperor warlord grand admiral thrawn taken command shattered imperial fleet readied war pointed fragile heart new republic dark warrior made vital discovery could destroy everything courageous men woman rebel alliance fought hard build', 'new republic take devastating loss ongoingwar scattered remnant empire galaxy future depends three small child among jedi twin born incredible power peril extraordinary new saga unfolds new republic struggle decide deadly sun crusher new doomsday weapon stolen empire han solo renegade imperial admiral daala us fleet star destroyer conduct guerrilla warfare peaceful planet threatens watery homeworld admiral ackbar battle planet rage even greater danger emerges luke skywalker jedi academy brilliant student delf dangerously dark side force unleashes spirit ancient master evil order warped darth vader working together may become enemy greater new republic ever fought powerful even jedi master face']"
9,128,9_cat_yum_qwilleran_koko,"['cat', 'yum', 'qwilleran', 'koko', 'seuss', 'jim', 'dog', 'qwill', 'siamese', 'reader']","['prizewinning reporter jim qwilleran siamese cat koko yum yum must solve complicated caper vacation charming cozy mystery new york time bestselling cat series jim qwilleran enjoying stay nutcracker inn black creek two siamese koko yum yum seem quite pleased accommodation though koko enjoy keeping keen eye squirrel local wildlife koko eagerly watching jumping trout spot something else body floating downstream revealed victim guest nugget gold hidden dive case cat solve soon going creek without paddle', 'murder leaf jim qwilleran cat koko yum yum feeling tune new york time bestselling mystery cat series case summertime blue career crisis newspaper reporter jim qwilleran sure hoping day country help sort life cat koko yum yum company head cabin owned longtime family friend named aunt fanny moment arrives thing turn strange eerie footstep cross roof midnight townsfolk become oddly secretive fishing qwilleran hook murder mystery soon qwilleran enters game cat mouse killer koko develops sudden uncanny fondness classical music', 'mystery bestselling cat series jim qwilleran cat koko yum yum living high thing take deadly turn inheriting unexpected million left reporter jim qwilleran looking like cat swallowed canary two siamese cat koko yum yum adjust fat cat enormous mansion qwill sample lifestyle rich famous hiring staff eccentric servant missing housemaid shocking murder soon show qwilleran unsavory side upper crust koko propensity finding clue amid caviar champagne give qwill pause evaluate unlikely taste good life turn last meal']"
10,153,10_virus_plague_navajo_chee,"['virus', 'plague', 'navajo', 'chee', 'leaphorn', 'death', 'brennan', 'murdered', 'tribal', 'disease']","['navajo tribal police officer jim chee lieutenant joe leaphorn investigate murder lead mystical world navajo witchcraft three unsolved homicide attempt chee life left navajo tribal police baffled murder somehow connected although occurred 120 mile apart random act violence chee leaphorn effort solve seemingly unrelated individual crime leave clue point toward one suspect suspenseful author', 'acting jim chee catch hopi poacher huddled butchered navajo tribal police officer case former bos joe leaphorn blow wide open retired navajo tribal police leaphorn hired find female biologist hunting key virulent plague lurking southwest scientist disappeared area day navajo cop murdered suspect another victim report skinwalker navajo witch seen time place leaphorn chee answer lie buried complicated knot superstition science place world native people outside force converge collide', 'plague decimated europe fourteenth century lurks today high dry land american southwest navajo tribal policeman jim chee mentor joe leaphorn discover even deadlier killer stalking reservation chilling beautifully crafted novel yet beloved bestselling master southwestern suspense acting chee catch hopi eagle poacher literally huddled bloody body young navajo tribal police officer case even fed usually odds seems hopi headed gas chamber joe leaphorn show blow chee case wide open leaphorn retired form navajo tribal police hired find cathy pollard biologist disappeared remote area day navajo cop murdered suspect victim chee leaphorn make report skinwalker navajo witch seen area time answer question leaphorn chee must immerse enigmatic web scientist hunting key virulent form bubonic plague since middle age addition finely wrought plot first eagle offer wealth tony hillerman signature gift glorious evocation high desert delicately drawn character eloquent insight foible wisdom southwest native people']"
11,86,11_goldy_diet_recipe_caterer,"['goldy', 'diet', 'recipe', 'caterer', 'health', 'food', 'weight', 'discussion', 'program', 'atkins']","['even though working wake goldy bear idea fun colorado caterer throw preparing savory feast featuring poached salmon strawberry shortcake buffet designed soothe forty mourner culinary effort seem exactly doctor ordered former gynecologist fritz korman struck goldy accused adding poison menu department health impounding leftover trashing name business close shut goldy know wait police serve answer soon uncovers one skeleton closet along veritable slew unpalatable kind could make goldy main course unsavory killer next murder praise diane mott davidson catering nobody medley murder mayhem melted york post diane mott davidson culinary mystery hazardous delicious sure satisfy grafton includes recipe', 'even though working wake goldy bear idea fun colorado caterer throw preparing savory feast featuring poached salmon strawberry shortcake buffet designed soothe forty mourner culinary effort seem exactly doctor ordered former gynecologist fritz korman struck goldy accused adding poison menu department health impounding leftover trashing name business close shut goldy know wait police serve answer soon uncovers one skeleton closet along veritable slew unpalatable kind could make goldy main course unsavory killer next murder praise diane mott davidson catering nobody medley murder mayhem melted york post diane mott davidson culinary mystery hazardous delicious sure satisfy grafton includes recipe', 'inventive recipe mixing suspense fare made diane mott davidson favorite mystery lover mainstay major bestseller list across country prepared another irresistibly tempting tale spiced mystery mayhem colorado caterer goldy schulz business booming skyrocketing friend marla constantly warning success kill goldy take warning literally next booking cocktail party westside mall elite shopper club setting goldy nearly run truck intention stopping find old friend pile sale shoe stabbed one goldy new knife goldy must catch real killer whipping sweetheart swedish meatball quiche quick diamond lover hot crab dip victim carrying powerful narcotic hired private investigator shortly murder goldy gourmet instinct tell final course case real killer praise chopping spree today foremost practitioner culinary weekly chef goldy schulz life medley murder mayhem melted york post suspense factor rise higher champagne soufflé warning goldy sharing recipe may want pull reading chair next cross mary higgins clark betty crocker sun baltimore cook mystery fan love diane mott davidson book tempting recipe elaborate plot add literary feast san diego']"
12,164,12_anne_new_time_claire,"['anne', 'new', 'time', 'claire', 'love', 'pern', 'york', 'life', 'dragon', 'jamie']","['new york time bestseller second book diana gabaldon acclaimed outlander saga basis starz original series triumph powerful tale layered history myth loved every robert classic novel outlander diana gabaldon introduced two unforgettable randall jamie reader story adventure love spanned two century gabaldon return extraordinary time place vivid powerful sequel outlander twenty year claire randall kept secret returning grown daughter mystery scotland highland claire plan reveal truth shocking event gave birth secret ancient circle standing stone secret love transcends century truth man named jamie highland warrior whose gallantry drew young claire security century danger claire spellbinding journey continues french court menace jacobite plot highland scotland war death desperate fight save child man love', '1 new york time bestseller first book diana gabaldon acclaimed outlander saga basis starz original series one top ten novel america seen pb great american read unrivaled storytelling unforgettable character rich historical detail hallmark diana gabaldon work new york time bestselling outlander novel earned praise critic captured heart million fan story started introducing two remarkable character claire beauchamp randall jamie fraser spellbinding novel passion history combine exhilarating adventure love story age scottish highland claire randall former british combat nurse back war reunited husband second honeymoon walk standing stone one ancient circle dot british isle suddenly outlander scotland torn war raiding clan year lord claire catapulted intrigue world threatens life may shatter heart marooned amid danger passion violence claire learns chance safety lie jamie fraser gallant young scot warrior begin compulsion becomes urgent need claire find torn two different men two irreconcilable life', '1 new york time bestseller first book diana gabaldon acclaimed outlander saga basis starz original series one top ten novel america seen pb great american read unrivaled storytelling unforgettable character rich historical detail hallmark diana gabaldon work new york time bestselling outlander novel earned praise critic captured heart million fan story started introducing two remarkable character claire beauchamp randall jamie fraser spellbinding novel passion history combine exhilarating adventure love story age scottish highland claire randall former british combat nurse back war reunited husband second honeymoon walk standing stone one ancient circle dot british isle suddenly outlander scotland torn war raiding clan year lord claire catapulted intrigue world threatens life may shatter heart marooned amid danger passion violence claire learns chance safety lie jamie fraser gallant young scot warrior begin compulsion becomes urgent need claire find torn two different men two irreconcilable life']"
13,498,13_novel_book_story_author,"['novel', 'book', 'story', 'author', 'american', 'one', 'new', 'life', 'time', 'published']","['understand always trying figure soul hidden new selected poem volume two anthology new entire volume poem mary oliver six last eight book major addition career poetry spanned nearly five decade recognized unparalleled poet natural world mary oliver writes unmatched dexterity profound appreciation divergence convergence living thing mary oliver always searching soul thing poem poem investigation go humble green bean nourishes make wonder ca name walk accepting gift assist mine vast untouchable bliss thing ca reach day wind bird flying idea god oliver search grows informed experience meditation perception discernment quest constantly surprised fortified joy graceful volume designed paired new selected poem volume one includes new poem bird toad flower insect body water extraordinary experience everyday life word alicia ostriker oliver move instinct faith determination among finest poet still growing older new poem mary oliver poet height control image language', 'barbara kingsolver writer praised extravagantly gifted narrative voice new york time book review created novel hymn wildness celebrates prodigal spirit human nature nature prodigal summer weave together three story human love within larger tapestry life inhabiting forested mountain struggling small farm southern appalachia heart intertwined narrative den coyote recently migrated region deanna wolfe reclusive wildlife biologist watch forest outpost isolated mountain cabin caught eddie bondo young hunter come invade private space confound solitary life farm several mile mountain another web life unfolds lusa maluf landowski bookish city girl turned farmer wife find unexpectedly marooned strange place must declare lose attachment land mile road pair elderly feuding neighbor tend respective farm wrangle god pesticide complexity world neither expected course one humid summer urge procreate overtakes green profligate countryside character find connection one another flora fauna necessarily share place discovery embedded inside countless intimate lesson biology reality small farming final urgent truth human one part life earth richness characterizes barbara kingsolver finest work prodigal summer embrace pure thematic originality demonstrates balance narrative idea accomplished novelist could render beautifully', 'barbara kingsolver writer praised extravagantly gifted narrative voice new york time book review created novel hymn wildness celebrates prodigal spirit human nature nature prodigal summer weave together three story human love within larger tapestry life inhabiting forested mountain struggling small farm southern appalachia heart intertwined narrative den coyote recently migrated region deanna wolfe reclusive wildlife biologist watch forest outpost isolated mountain cabin caught eddie bondo young hunter come invade private space confound solitary life farm several mile mountain another web life unfolds lusa maluf landowski bookish city girl turned farmer wife find unexpectedly marooned strange place must declare lose attachment land mile road pair elderly feuding neighbor tend respective farm wrangle god pesticide complexity world neither expected course one humid summer urge procreate overtakes green profligate countryside character find connection one another flora fauna necessarily share place discovery embedded inside countless intimate lesson biology reality small farming final urgent truth human one part life earth richness characterizes barbara kingsolver finest work prodigal summer embrace pure thematic originality demonstrates balance narrative idea accomplished novelist could render beautifully']"
14,71,14_stephanie_christmas_plum_bounty,"['stephanie', 'christmas', 'plum', 'bounty', 'evanovich', 'hunter', 'holiday', 'new', 'jersey', 'morelli']","['five day christmas thing looking merry fugitive apprehension agent stephanie plum got tree bought present mall staggering shopper twinkle light anywhere seen strange man kitchen sure happened stephanie plum guy different mysterious agenda name diesel mission question want help find little old toy maker skipped bail right christmas survive plum family holiday dinner get stephanie tree look like grown next nuclear power plant question keeping stephanie awake night mention fact need find bunch nasty elf sister valerie christmas surprise plum niece mary alice believe santa anymore grandma mazur new stud muffin bring plastic reindeer strap jingle bell get ready celebrate style', 'experience bestselling phenomenon sweeping nation 1 new york time 1 wall street journal 1 entertainment weekly 1 publisher weekly 1 booksense 1 los angeles time blown new jersey bounty hunter stephanie plum bring bail jumper eddie dechooch old man still got knack slipping sight raising hell else stephanie explain corpse eddie garden else would clue two stephanie friend suddenly vanished answer stephanie devil pay mentor ranger deal give stephanie help need give everything want messed thing complicated enough stephanie discovered grandma mazur unmentionable alliance eddie add series unnerving mention bombshell revelation leveled stephanie estranged sister stephanie ready good news unfortunately marriage proposal joe morelli love life quite cutting murder randy paramour wily mobster death threat extortion triplie kidnapping aside stephanie really got urge run life seven', 'experience bestselling phenomenon sweeping nation 1 new york time 1 wall street journal 1 entertainment weekly 1 publisher weekly 1 booksense 1 los angeles time blown new jersey bounty hunter stephanie plum bring bail jumper eddie dechooch old man still got knack slipping sight raising hell else stephanie explain corpse eddie garden else would clue two stephanie friend suddenly vanished answer stephanie devil pay mentor ranger deal give stephanie help need give everything want messed thing complicated enough stephanie discovered grandma mazur unmentionable alliance eddie add series unnerving mention bombshell revelation leveled stephanie estranged sister stephanie ready good news unfortunately marriage proposal joe morelli love life quite cutting murder randy paramour wily mobster death threat extortion triplie kidnapping aside stephanie really got urge run life seven']"
15,65,15_farworks_purchase_available_released,"['farworks', 'purchase', 'available', 'released', 'registered', 'inc', 'larson', '25', 'trademark', 'signature']","['hidden star nora robert released dec 25 2000 available purchase', 'sullivan woman nora robert released jul 25 2003 available purchase', 'hidden star nora robert released aug 25 1997 available purchase']"
16,156,16_tale_fairy_story_magic,"['tale', 'fairy', 'story', 'magic', 'book', 'prince', 'fantasy', 'king', 'princess', 'world']","['last line proud queen elected rule fertile land west true owner legendary round table guardian great goddess woman whose story never told raised tranquil beauty summer country princess guenevere led charmed contented life sudden violent death mother queen maire leaf summer country teetering brink anarchy miraculous arrival arthur heir pendragon dynasty allows guenevere claim mother throne smitten bold sensuous princess arthur offer marry unite territory allowing continue reign right love match creates largest powerful kingdom isle yet even glory camelot safe shadow evil revenge arthur reunited morgause morgan princess torn mother ancestral right arthur father brutal unscrupulous king uther daughter avenge suffering morgan strike deadliest blow using enchantment destroy guenevere hold dear force arthur betray queen chaos follows arthur dispatch new knight guenevere young french prince lancelot never knowing lancelot passion queen may love spell ruin camelot', 'magical saga woman behind king arthur throne monumental reimagining arthurian legend reading deeply moving time uncanny experience impressive new york time book review marion zimmer bradley masterpiece see tumult adventure camelot court eye woman bolstered king rise schemed fall childhood ultimate fulfillment destiny follow woman diverse cast character surround great arthurian epic unfolds stunningly u morgaine gwenhwyfar struggle control fate arthur kingdom knight round table take infamous quest merlin viviane wield magic future old britain isle avalon slip impenetrable mist memory fissure old new world old new religion claim famous victim', 'white masterful retelling saga king arthur fantasy classic legendary excalibur camelot poignant story adventure romance magic enchanted reader generation upon time young boy called wart tutored magician named merlyn preparation future possibly imagine future would ally greatest knight love legendary queen unite country dedicated chivalrous value future would see crowned known time arthur king briton arthur reign kingdom camelot founded cast enlightenment dark age knight round table embarked many noble quest merlyn foresaw treachery awaited liege forbidden love queen guenever lancelot wicked plot arthur morgause hatred fostered mordred would bring end king dream king future king mingles wisdom wonderful humor deep telling one great tale western gavriel kay']"
17,318,17_woman_one_new_murder,"['woman', 'one', 'new', 'murder', 'time', 'killer', 'york', 'life', 'novel', 'find']","['dangerously beautiful lucky star two jackie collins previous smash international number one bestseller chance lucky return lady bos time shockingly sensual ruthlessly clever lucky conquer hollywood chance lucky grew top crime family lucky married three time lady bos take hollywood win panther studio prize lucky want quest power meet adversary enemy friend betrayer relationship husband charismatic comedian movie star lennie golden put test lucky first challenge buy movie studio still controlled powerful conglomerate panther studio owned retired irascible old abe panther abe wo sell beloved studio lucky prof gut make hollywood idea disguise secretary go undercover find really going challenge also satisfies lucky passion adventure desire take chance process lucky uncovers world financial scheming betrayal bizarre sex panther studio lucky santangelo dangerous mix lucky make final move assuming role lady bos panther studio stuns entire industry set series shock wave threatening marriage lennie bringing head hatred crime bos carlos bonnatti hatred go back generation putting peril life life everyone close lady bos jackie collins brings back one intriguing endearing character lucky santangelo also prof unquestioned queen glamorous fiction copyright libri gmbh right reserved', 'loyal beautiful professional impeccably organized potentially lethal sarah stevens woman many distinct quality first foremost butler par excellence skilled running large household smoothly efficiently also trained bodyguard expert elderly employer courtly gentleman sarah come respect love father one night thwart burglary progress courageous act reward sarah requisite fifteen minute fame local press exposure enough catch attention tortured soul unbeknownst sarah stop nothing sarah perfectly ordered life shattered tragedy strike beloved employer brutally murdered detective investigating case assures sarah suspect lightning strike twice second time despite lack evidence connecting crime sarah escape shadow guilt option left sarah carry life realize deranged stalker luring elaborate trap one ensnared might never escape sarah soon find mercy man tend every whim smother affection crush embrace nonstop ride unrelenting suspense linda howard written chilling novel yet dying please breathless thriller desire obsession hardcover edition', 'loyal beautiful professional impeccably organized potentially lethal sarah stevens woman many distinct quality first foremost butler par excellence skilled running large household smoothly efficiently also trained bodyguard expert elderly employer courtly gentleman sarah come respect love father one night thwart burglary progress courageous act reward sarah requisite fifteen minute fame local press exposure enough catch attention tortured soul unbeknownst sarah stop nothing sarah perfectly ordered life shattered tragedy strike beloved employer brutally murdered detective investigating case assures sarah suspect lightning strike twice second time despite lack evidence connecting crime sarah escape shadow guilt option left sarah carry life realize deranged stalker luring elaborate trap one ensnared might never escape sarah soon find mercy man tend every whim smother affection crush embrace nonstop ride unrelenting suspense linda howard written chilling novel yet dying please breathless thriller desire obsession']"
18,86,18_war_germany_ii_year,"['war', 'germany', 'ii', 'year', 'world', 'german', 'winnie', 'nazi', 'sent', 'jewish']","['world war ii london bombed many child sent countryside shy delicate elizabeth sent ireland stay mother friend warmth kindness family heart ashleen elizabeth age became blood sister war path crossed many time adult year', 'world war ii london bombed many child sent countryside shy delicate elizabeth sent ireland stay mother friend warmth kindness family heart ashleen elizabeth age became blood sister war path crossed many time adult year', 'world war ii london bombed many child sent countryside shy delicate elizabeth sent ireland stay mother friend warmth kindness family heart ashleen elizabeth age became blood sister war path crossed many time adult year']"
19,95,19_school_potter_family_harry,"['school', 'potter', 'family', 'harry', 'hogwarts', 'child', 'aunt', 'secret', 'wizardry', 'uncle']","['third year hogwarts school witchcraft wizardry harry potter must confront devious dangerous wizard responsable parent death', 'third year hogwarts school witchcraft wizardry harry potter must confront devious dangerous wizard responsible parent death', 'third year hogwarts school witchcraft wizardry harry potter must confront devious dangerous wizard responsable parent death']"
20,81,20_de_la_en_que,"['de', 'la', 'en', 'que', 'su', 'der', 'un', 'el', 'una', 'russian']","['susan vreeland set high standard girl hyacinth blue passion artemisia even better vreeland unsentimental prose turn factual artemisia fictional heroine wo soon forget novel one female painter achieve fame era great struggle artemisia gentileschi led remarkably modern life vreeland tell artemisia captivating story beginning public humiliation rape trial age eighteen continuing father betrayal marriage convenience motherhood growing fame artist set glorious backdrop rome florence genoa naples inhabited historical character galileo cosimo de medici ii filled rich detail life painter vreeland creates inspiring story one woman lifelong struggle reconcile career family passion genius', 'backdrop russian revolution world war europe zoya young cousin tsar flees petersburg paris find safety entire world forever changed face hard time join ballet russe paris life kind zoya move new glittering life new york day ease brief depression strike loses everything yet career man meet course ultimately save rebuilds life war year beyond family come mean everything roaring twenty 1980 zoya remains rare spirited woman whose legacy live', 'backdrop russian revolution world war europe zoya young cousin tsar flees petersburg paris find safety entire world forever changed face hard time join ballet russe paris life kind zoya move new glittering life new york day ease brief depression strike loses everything yet career man meet course ultimately save rebuilds life war year beyond family come mean everything roaring twenty 1980 zoya remains rare spirited woman whose legacy live']"
21,48,21_teen_orman_book_life,"['teen', 'orman', 'book', 'life', 'relationship', 'love', 'soup', 'chicken', 'reader', 'soul']","['teenager wonderful challenging 7 habit highly effective teen author sean covey applies timeless principle 7 habit teen tough issue decision face entertaining style covey provides guide help teen improve build friendship resist peer pressure achieve goal get along parent much addition book stuffed cartoon clever idea great quote incredible story real teen world 7 habit highly effective teen engage teenager unlike book indispensable book teen well parent grandparent adult influence young people 7 habit highly effective teen destined become last word surviving thriving teen beyond', 'love often mystery teenager sometimes painful time glorious always challenging book help understand sort myriad feeling experience rather merely offering one adult opinion reflection love kirberger deftly combine material teen dealing firsthand adolescent love adult sensitive special need teen includes original letter received teen along response question concern confusion blend provides perspective love relationship enable teen gain wisdom choose wisely making decision love relationship book designed guide teen maze love relationship gentle understanding compassionate way t manual rather guidebook teen come treasure wise loving counselor companion ride teen love one book teen afford without check companion book colin mortensen mtv real', 'third volume chicken soup teenage soul series promise love support inspiration series loyal teen reader life struggle teen dealing tragedy seem plague often also handling daily pressure pervade life book like first two volume series help serve guide constant companion original chicken soup teenage soul new york time bestseller sold million copy successor chicken soup teenage soul ii 1 new york time bestseller already sold million copy third volume blockbuster series promise every bit successful first two teen reader continue cherish inspired series chapter focus love friendship family tough stuff growing kindness learning lesson making difference keeping theme content chicken soup teenage soul series teen also find support encouragement understanding peer well caring compassionate adult book book read reread sharing favorite story one another also perfect gift adult give teen life']"
22,86,22_family_father_son_home,"['family', 'father', 'son', 'home', 'boy', 'maine', 'mother', 'life', 'beautiful', 'death']","['sometimes dead better creed move beautiful old house rural maine seems good true physician father beautiful wife charming little daughter adorable infant son idyllic home family got right friendly cat nearby wood hide truth terrifying death hideously powerful', 'thing believed sandy dennys always normal one extraodinary murry family garden make occasional school play baseball nothing especially interesting happened twin accidentally interrupt father two boy thrown across time space find alone desert believe unicorn find unicorn whether believe mammoth manticore find twin rescued japheth man nearby oasis bring safety dennys get lost boy quickly embroiled conflict time place whose population includes winged seraph stray mythic beast perilous beautiful nephilim small long lived human consider sandy dennys giant boy find oasis simply getting home reunite estranged father son wo easy especially son named noah start building boat desert', 'thing believed sandy dennys always normal one extraodinary murry family garden make occasional school play baseball nothing especially interesting happened twin accidentally interrupt father two boy thrown across time space find alone desert believe unicorn find unicorn whether believe mammoth manticore find twin rescued japheth man nearby oasis bring safety dennys get lost boy quickly embroiled conflict time place whose population includes winged seraph stray mythic beast perilous beautiful nephilim small long lived human consider sandy dennys giant boy find oasis simply getting home reunite estranged father son wo easy especially son named noah start building boat desert']"
23,127,23_fear_killer_know_death,"['fear', 'killer', 'know', 'death', 'town', 'victim', 'nightmare', 'secret', 'may', 'murder']","['sometimes evil lingers close feel seattle police sketch artist maggie barnes extraordinary gift listens traumatized crime victim describe ordeal us horrifying recollection draw sketch assailant cop think maggie telepathic actually enter victim mind maggie know truth behind rare talent telling secret may exposed madman seizes seattle terrifying grip abducts woman blind leaving barely alive police one hope lone victim might recover sight know maggie dark connection monster eerie link may stretch back string unsolved murder stop escalating terror maggie push ability breaking point even mean confronting predator whose power seem bound', 'enter madman cruel mind plan vicious crime see terrified face prey move stop frenzy strike psychic cassie neill help police catch make terrible mistake innocent child dy cassie flees small north carolina town hoping quiet life silence voice invade unwilling mind cassie ability know boundary become one else murderer stalking ryan bluff fury cassie sens first foul thought perverse excitement yet know strike sheriff wo even listen first body found exactly predicted suspect race desperately unmask killer way know entering twisted mind every step loaded fear uncertainty sens within trap deep never find way', 'sometimes warning sign come late brutal slaying boulder controversial strike deep heart everything clinical psychologist alan gregory hold dear alan wife lauren worked dead man new patient walk alan terrified mother explosive find edging even closer darkness soon privileged exchange convince alan crime committed uncovers shocking link slaying alan suddenly locked ethical dilemma career thrust desperate manhunt killer whose identity one could guessed minute tick warning sign explodes gripping story crime punishment tragedy human being caught shattering cross fire force beyond control force sometimes within']"
24,26,24_force_tribulation_evil_overwhelming,"['force', 'tribulation', 'evil', 'overwhelming', 'battle', 'antihero', 'carpathia', 'deranging', 'wrest', 'unloyal']","['tribulation force continues fight force antichrist', 'tribulation force gather courage carpathia demonstrates fondness gruesome killing remain unloyal commits ultimate act desecration community', 'tribulation force gather courage carpathia demonstrates fondness gruesome killing remain unloyal commits ultimate act desecration community']"
